<employees>
    <employee>
        <id> 1 </id>
        <name> 
            <first_name> Jhon </first_name>
            <last_name> Doe </last_name>
        </name>
        <address>
            <flat_no></flat_no>
            <house_no> H# 38 </house_no>
            <road_no> R#3 </road_no>
            <area> Banani </area>
            <city> Dhaka </city>
        </address>
        <department> Sales </department>
        <salary> $20000 </salary>
    </employee>

    <employee>
        <id> 2 </id>
        <name> 
            <first_name> Mark </first_name>
            <last_name> Zuckerberg </last_name>
        </name>
        <address>
            <flat_no> Flat# A/1 </flat_no>
            <house_no> H# 20 </house_no>
            <road_no> R#18 </road_no>
            <area> Mirpur </area>
            <city> Dhaka </city>
        </address>
        <department> Accounts </department>
        <salary> $12000 </salary>
    </employee>

    <employee>
        <id> 3 </id>
        <name> 
            <first_name> Ala </first_name>
            <last_name> Voski </last_name>
        </name>
        <address>
            <flat_no></flat_no>
            <house_no> H#38 </house_no>
            <road_no> R#3 </road_no>
            <area> Motijheel </area>
            <city></city>
        </address>
        <department> Human Resource </department>
        <salary> $30000 </salary>
    </employee>
</employees>