<students>
    <student>
        <sl_no> 23 </sl_no>
        <name> 
            <first_name> Jhon </first_name>
            <last_name> Carter </last_name>
        </name>    
        <admission>
            <day> 25 </day>
            <month> 12 </month>
            <year> 2015 </year>
        </admission>
    </student>

    <student>
        <sl_no> 29 </sl_no>
        <name> 
            <first_name> Bob </first_name>
            <last_name> Marshal </last_name>
        </name>  
        <admission>
            <day> 13 </day>
            <month> 01 </month>
            <year> 1999 </year>
        </admission>
    </student>

    <student>
        <sl_no> 35 </sl_no>
        <name> 
            <first_name> Clark </first_name>
            <last_name> Kent </last_name>
        </name>  
        <admission>
            <day> 17 </day>
            <month> 06 </month>
            <year> 2005 </year>
        </admission>
    </student>
</students>    